{
    "input_length" : 350,
    "output_length" : 350,
    "num_train_epochs" : 4,
    "output_dir" : "/mntnfs/med_data5/zhangzhihan/Time-aware-LM/output/T5_large_WMT_lora15_future",
    "dataset" : "/mntnfs/med_data5/zhangzhihan/Time-aware-LM/wmtnews-preprocessed/wmtnews-filtered-2016-future.csv",
    "train_batch_size" : 4,
    "learning_rate" : 1e-3,
    "model" : "/mntnfs/med_data5/zhangzhihan/t5-large-ssm",
    "method": "lora",
	"year": 2015,
	"future" : true,
    "freeze_level": 2,
    "gradient_accumulation_steps" : 3,
    "ngpu" : 3,
    "num_workers" : 8,
    "resume_from_checkpoint" : null,
    "accelerator" : "ddp",
    "use_deepspeed" : false,
    "CUDA_VISIBLE_DEVICES" : "0,1,2",
    "use_lr_scheduling" : true,
    "check_validation" : "train_perp",
    "checkpoint_path" : "",
    "eval_model_path" : "",
    "eval_model2_path" : ""
}