{
    "input_length" : 350,
    "output_length" : 350,
    "num_train_epochs" : 4,
    "output_dir" : "/mntnfs/med_data5/zhangzhihan/Time-aware-LM/output/T5_large_wmt_original16_future",
    "dataset" : "/mntnfs/med_data5/zhangzhihan/wmtnews-preprocessed/wmtnews-filtered-2017-future.csv",
    "train_batch_size" : 1,
    "learning_rate" : 1e-3,
    "model" : "/mntnfs/med_data5/zhangzhihan/t5-large-ssm",
    "method": "original",
    "year": 2016,
    "future": true,
    "freeze_level": 1,
    "gradient_accumulation_steps" : 3,
    "ngpu" : 4,
    "num_workers" : 20,
    "resume_from_checkpoint" : null,
    "accelerator" : "ddp",
    "find_unused_parameters" : false,
    "use_deepspeed" : false,
    "CUDA_VISIBLE_DEVICES" : "0,1,2,3",
    "use_lr_scheduling" : true,
    "check_validation" : "",
    "checkpoint_path" : "",
    "eval_model_path" : "",
    "eval_model2_path" : ""
}